DATE,HNFSEPUSSA,HOUST1F,HSN1F,INTDSRUSM193N,LFACTTTTUSM657S,MSACSR,NA000334Q,NASDAQCOM,PERMIT,PERMIT1,QUSR628BIS,RSAHORUSQ156S,TTLCONS,UNRATE,Median Home Price (NSA),CPI-Adjusted Price,CSUSHPISA
2000-01-01,311.0,1268,873,5.0,1.490972128,4.3,2448892.0,4013.494,1727.0,1277.0,95.3071,67.1,784940.0,4.0,131559.13,239289.53,100.551
2000-02-01,299.0,1255,856,5.24,0.132848798,4.3,2448892.0,4410.871,1692.0,1241.0,95.3071,67.1,793737.0,4.1,131318.85,237445.83,101.339
2000-03-01,313.0,1313,900,5.34,-0.015443365,4.3,2448892.0,4802.988260869565,1651.0,1253.0,95.3071,67.1,809459.0,4.0,132827.82,238210.25,102.127
2000-04-01,305.0,1275,841,5.5,0.22255922,4.4,2569266.0,3863.637368421053,1597.0,1192.0,96.7197,67.3,804766.0,3.8,134096.51,240345.1,102.922
2000-05-01,305.0,1230,857,5.71,-0.254288937,4.4,2569266.0,3528.416818181818,1543.0,1182.0,96.7197,67.3,805005.0,4.0,135144.14,241940.32,103.678
2000-06-01,306.0,1202,793,6.0,0.142568194,4.8,2569266.0,3865.4768181818185,1572.0,1156.0,96.7197,67.3,795411.0,4.0,136537.77,243159.2,104.424
2000-07-01,303.0,1142,887,6.0,-0.219508945,4.1,2577927.0,4017.685,1542.0,1152.0,98.0394,67.5,783795.0,4.0,137220.17,243808.8,105.054
2000-08-01,302.0,1231,848,6.0,0.165872447,4.4,2577927.0,3909.596956521739,1552.0,1173.0,98.0394,67.5,805341.0,4.1,137623.85,244526.04,105.768
2000-09-01,300.0,1195,912,6.0,0.002806742,4.0,2577927.0,3875.822,1570.0,1189.0,98.0394,67.5,814330.0,3.9,138200.52,244278.37,106.538
2000-10-01,301.0,1235,933,6.0,0.072973238,4.0,2655636.0,3333.8245454545454,1577.0,1224.0,99.7249,67.5,816100.0,3.9,138652.25,244654.29,107.382
2000-11-01,305.0,1212,880,6.0,0.238392394,4.2,2655636.0,3055.4152380952382,1614.0,1208.0,99.7249,67.5,820054.0,3.9,139084.76,245276.49,108.302
2000-12-01,298.0,1226,983,6.0,0.200053161,3.6,2655636.0,2657.8075,1543.0,1180.0,99.7249,67.5,811516.0,3.9,139507.66,246163.67,109.14
2001-01-01,296.0,1275,936,5.52,0.385345694,3.8,2562488.0,2656.864285714286,1699.0,1251.0,101.1505,67.6,814479.0,4.2,140103.56,245662.11,109.846
2001-02-01,296.0,1280,963,5.0,-0.068845619,3.7,2562488.0,2449.5694736842106,1656.0,1242.0,101.1505,67.6,813647.0,4.2,141016.63,246278.57,110.5
2001-03-01,292.0,1218,939,4.81,0.155183332,3.8,2562488.0,1986.663181818182,1659.0,1232.0,101.1505,67.6,828057.0,4.3,142275.7,247913.39,111.109
2001-04-01,294.0,1311,909,4.28,-0.246657958,3.9,2656407.0,1933.928,1666.0,1259.0,101.8607,67.8,842392.0,4.4,143515.56,249084.28,111.652
2001-05-01,295.0,1285,885,3.73,-0.174828828,4.0,2656407.0,2181.1286363636364,1665.0,1240.0,101.8607,67.8,848146.0,4.3,144697.75,250005.47,112.164
2001-06-01,301.0,1295,882,3.47,0.027212213,4.2,2656407.0,2112.052857142857,1626.0,1252.0,101.8607,67.8,855730.0,4.5,145899.15,251656.36,112.796
2001-07-01,305.0,1298,880,3.25,0.207175094,4.2,2651366.0,2033.9785714285715,1598.0,1235.0,103.6665,67.9,850471.0,4.6,146725.72,253794.99,113.491
2001-08-01,308.0,1286,866,3.16,-0.257563312,4.4,2651366.0,1929.712608695652,1615.0,1241.0,103.6665,67.9,847465.0,4.9,147273.57,254742.62,114.167
2001-09-01,310.0,1243,853,2.77,0.492029815,4.4,2651366.0,1573.3100000000002,1565.0,1192.0,103.6665,67.9,837412.0,5.0,147782.96,254476.79,114.812
2001-10-01,308.0,1240,871,2.02,0.067366257,4.3,2711715.0,1656.428260869565,1566.0,1185.0,105.6761,67.9,845941.0,5.3,148350.03,256315.79,115.31
2001-11-01,308.0,1244,924,1.58,0.106880613,4.1,2711715.0,1870.0623809523809,1651.0,1229.0,105.6761,67.9,843911.0,5.5,148321.2,256699.35,115.857
2001-12-01,308.0,1285,979,1.33,0.045063783,3.8,2711715.0,1977.7105,1680.0,1251.0,105.6761,67.9,849689.0,5.7,148830.59,258601.36,116.455
2002-01-01,310.0,1318,880,1.25,-0.29243616,4.2,2631119.0,1976.7685714285717,1665.0,1285.0,107.2219,67.9,858654.0,5.7,149291.93,258817.08,117.144
2002-02-01,313.0,1501,948,1.25,0.535157037,4.0,2631119.0,1799.7189473684211,1787.0,1401.0,107.2219,67.9,862338.0,5.7,150147.34,259275.24,117.845
2002-03-01,316.0,1292,923,1.25,-0.118905242,4.1,2631119.0,1863.0455,1691.0,1289.0,107.2219,67.9,844551.0,5.7,151637.09,260383.27,118.687
2002-04-01,324.0,1277,936,1.25,0.168880337,4.3,2721842.0,1758.8022727272728,1669.0,1285.0,108.8292,67.8,858240.0,5.9,152905.77,261101.48,119.611
2002-05-01,327.0,1402,978,1.25,0.147175678,4.0,2721842.0,1660.310909090909,1716.0,1289.0,108.8292,67.8,850935.0,5.8,154558.91,263924.38,120.724
2002-06-01,328.0,1368,957,1.25,-0.089693524,4.2,2721842.0,1505.4875,1758.0,1314.0,108.8292,67.8,846777.0,5.8,156067.88,266352.96,121.813
2002-07-01,333.0,1323,956,1.25,-0.003452848,4.2,2751463.0,1346.0854545454547,1738.0,1307.0,111.1348,67.9,847129.0,5.8,157105.9,267826.74,122.888
2002-08-01,334.0,1247,1014,1.25,0.142262246,4.0,2751463.0,1327.3604545454546,1695.0,1317.0,111.1348,67.9,839008.0,5.7,157970.92,268407.19,123.83
2002-09-01,333.0,1446,1044,1.25,0.374459516,3.9,2751463.0,1251.069,1803.0,1366.0,111.1348,67.9,832134.0,5.7,158653.32,269119.86,124.78
2002-10-01,335.0,1352,1006,1.25,-0.163515445,4.0,2824686.0,1241.9117391304349,1799.0,1382.0,113.0461,68.2,839690.0,5.7,159354.94,269862.71,125.735
2002-11-01,338.0,1394,1024,0.83,-0.187869028,4.0,2824686.0,1409.1515,1771.0,1382.0,113.0461,68.2,844697.0,5.9,159729.78,270497.49,126.67
2002-12-01,339.0,1439,1048,0.75,0.017236506,4.0,2824686.0,1387.1519047619047,1896.0,1409.0,113.0461,68.2,855921.0,6.0,160383.35,272204.86,127.624
2003-01-01,341.0,1537,999,2.25,0.600416362,4.0,2743734.0,1389.559523809524,1808.0,1416.0,114.1698,68.1,863855.0,5.8,160883.13,271850.87,128.461
2003-02-01,341.0,1301,936,2.25,0.111692031,4.5,2743734.0,1313.2615789473684,1854.0,1357.0,114.1698,68.1,859225.0,5.9,161921.15,271512.85,129.355
2003-03-01,338.0,1399,999,2.25,-0.05338809,4.1,2743734.0,1348.5038095238094,1757.0,1359.0,114.1698,68.1,851132.0,5.9,163045.67,271765.8,130.148
2003-04-01,340.0,1374,1012,2.25,0.309542398,4.1,2831413.0,1409.8309523809523,1803.0,1391.0,116.2112,68.2,859459.0,6.0,164583.47,274926.03,130.884
2003-05-01,343.0,1391,1078,2.25,0.017750591,3.9,2831413.0,1524.182857142857,1835.0,1389.0,116.2112,68.2,866814.0,6.1,166198.17,278077.16,131.735
2003-06-01,343.0,1513,1193,2.0,0.379522184,3.5,2831413.0,1631.7509523809522,1875.0,1461.0,116.2112,68.2,880865.0,6.3,167562.97,280055.46,132.649
2003-07-01,342.0,1535,1168,2.0,-0.388287455,3.6,2886905.0,1716.851363636364,1885.0,1478.0,118.9971,68.3,891264.0,6.2,168841.27,281885.04,133.77700000000002
2003-08-01,346.0,1484,1206,2.0,-0.02730655,3.5,2886905.0,1724.8228571428572,1966.0,1521.0,118.9971,68.3,901839.0,6.1,169956.18,282670.46,134.969
2003-09-01,350.0,1555,1131,2.0,0.058042268,3.8,2886905.0,1856.2247619047616,1961.0,1533.0,118.9971,68.3,911589.0,6.1,170994.19,283475.5,136.29399999999998
2003-10-01,361.0,1631,1144,2.0,0.126936464,3.8,2994399.0,1907.891304347826,2012.0,1566.0,122.8818,68.5,925732.0,6.0,171522.81,284659.26,137.531
2003-11-01,366.0,1694,1093,2.0,0.193571253,4.1,2994399.0,1939.253157894737,1918.0,1513.0,122.8818,68.5,925985.0,5.8,172262.88,286662.24,138.79399999999998
2003-12-01,370.0,1647,1129,2.0,-0.184353741,4.0,2994399.0,1956.9845454545448,1987.0,1549.0,122.8818,68.5,948491.0,5.7,173070.23,288318.29,140.179
2004-01-01,374.0,1560,1165,2.0,0.077012724,3.8,2924602.0,2098.004,1952.0,1539.0,125.9256,68.7,938525.0,5.7,173589.24,287777.59,141.64600000000002
2004-02-01,372.0,1481,1159,2.0,-0.090573542,3.7,2924602.0,2048.36,1966.0,1564.0,125.9256,68.7,937813.0,5.6,175050.15,288640.96,143.192
2004-03-01,381.0,1632,1276,2.0,0.160181039,3.6,2924602.0,1979.478695652174,2066.0,1648.0,125.9256,68.7,961159.0,5.8,176991.63,289973.49,145.059
2004-04-01,383.0,1646,1186,2.0,-0.063969948,4.0,3032386.0,2021.3228571428567,2070.0,1617.0,129.0662,69.4,967602.0,5.6,179096.5,292485.54,146.593
2004-05-01,383.0,1652,1241,2.0,0.146407899,3.8,3032386.0,1930.089,2150.0,1675.0,129.0662,69.4,974381.0,5.6,181653.1,294935.09,148.186
2004-06-01,383.0,1526,1180,2.25,0.268588719,3.9,3032386.0,2000.979523809524,2020.0,1615.0,129.0662,69.4,983087.0,5.6,184123.2,298000.05,149.85
2004-07-01,400.0,1675,1088,2.25,0.157330802,4.5,3069688.0,1912.4242857142856,2112.0,1620.0,132.9919,68.9,1006184.0,5.5,185632.17,300918.18,151.338
2004-08-01,405.0,1691,1175,2.5,-0.086666847,4.3,3069688.0,1821.538181818182,2056.0,1609.0,132.9919,68.9,1013616.0,5.4,186862.41,302752.6,152.63299999999998
2004-09-01,410.0,1555,1214,2.75,-0.100973137,4.1,3069688.0,1884.730952380952,2041.0,1586.0,132.9919,68.9,1012080.0,5.4,187910.04,303808.68,154.179
2004-10-01,413.0,1660,1305,2.75,0.256418953,3.9,3190521.0,1938.2523809523807,2097.0,1593.0,137.1913,69.1,1015719.0,5.5,188736.61,303546.6,155.75
2004-11-01,418.0,1458,1179,3.0,0.24967353,4.3,3190521.0,2062.87,2079.0,1572.0,137.1913,69.1,1022994.0,5.4,189784.24,305071.71,157.52700000000002
2004-12-01,422.0,1714,1242,3.25,-0.0695185,4.1,3190521.0,2149.531818181818,2082.0,1613.0,137.1913,69.1,1037480.0,5.4,190687.7,307651.51,159.33
2005-01-01,441.0,1739,1203,3.25,-0.020262193,4.4,3111329.0,2071.8715,2139.0,1654.0,141.9495,69.2,1046082.0,5.3,191331.65,308042.95,161.28799999999998
2005-02-01,446.0,1792,1319,3.5,0.226307007,4.3,3111329.0,2065.735789473684,2114.0,1630.0,141.9495,69.2,1066848.0,5.4,193013.62,308968.72,163.344
2005-03-01,445.0,1583,1328,3.75,0.018198485,4.1,3111329.0,2030.4336363636364,2062.0,1580.0,141.9495,69.2,1071745.0,5.2,195685.56,310815.08,165.812
2005-04-01,445.0,1658,1260,3.75,0.360533995,4.3,3232051.0,1957.492857142857,2150.0,1654.0,145.6174,68.7,1081012.0,5.2,198242.16,312772.34,167.50099999999998
2005-05-01,450.0,1714,1286,4.0,0.224943932,4.2,3232051.0,2005.2171428571428,2085.0,1644.0,145.6174,68.7,1093341.0,5.1,200885.26,317268.51,169.351
2005-06-01,455.0,1719,1274,4.25,-0.01540925,4.3,3232051.0,2074.0172727272725,2178.0,1683.0,145.6174,68.7,1105896.0,5.0,203297.69,320913.5,171.19
2005-07-01,464.0,1724,1389,4.25,0.129993701,4.2,3306451.0,2145.139,2203.0,1722.0,148.8674,68.7,1119101.0,5.0,205306.45,322591.7,172.86
2005-08-01,476.0,1728,1255,4.5,0.232212645,4.5,3306451.0,2157.8482608695654,2219.0,1716.0,148.8674,68.7,1129163.0,4.9,206680.86,323097.75,174.442
2005-09-01,487.0,1789,1244,4.75,0.116838809,4.7,3306451.0,2144.6119047619045,2263.0,1798.0,148.8674,68.7,1148438.0,5.0,207978.38,321201.06,176.438
2005-10-01,490.0,1740,1336,4.75,0.031342945,4.5,3389367.0,2087.092857142857,2170.0,1742.0,152.2196,68.9,1160831.0,5.0,208516.61,321385.65,178.028
2005-11-01,502.0,1808,1214,5.0,0.042666382,5.0,3389367.0,2202.8357142857144,2218.0,1730.0,152.2196,68.9,1172090.0,5.0,209035.62,324794.38,179.68
2005-12-01,511.0,1628,1239,5.25,-0.023323227,4.9,3389367.0,2246.087142857143,2120.0,1661.0,152.2196,68.9,1184677.0,4.9,209410.46,326699.47,180.91
2006-01-01,523.0,1823,1174,5.5,0.122642138,5.3,3333266.0,2289.9915,2212.0,1689.0,154.2137,68.6,1195642.0,4.7,209910.25,325002.04,182.321
2006-02-01,539.0,1804,1061,5.5,0.284261121,6.1,3333266.0,2273.666315789474,2141.0,1643.0,154.2137,68.6,1205639.0,4.8,210775.26,325684.37,183.287
2006-03-01,552.0,1601,1116,5.75,0.114178743,5.9,3333266.0,2300.2556521739134,2118.0,1551.0,154.2137,68.6,1205169.0,4.7,212447.62,326461.18,184.364
2006-04-01,565.0,1511,1123,5.75,0.045088951,6.3,3460990.0,2338.677368421053,1998.0,1496.0,150.5794,68.8,1193296.0,4.7,213783.59,325742.53,184.329
2006-05-01,565.0,1570,1086,6.0,0.124601507,6.2,3460990.0,2245.281818181818,1905.0,1450.0,150.5794,68.8,1180581.0,4.6,215494.4,326727.82,184.156
2006-06-01,566.0,1451,1074,6.25,0.188655515,6.3,3460990.0,2137.413636363636,1867.0,1393.0,150.5794,68.8,1172128.0,4.6,216253.69,327232.65,183.507
2006-07-01,572.0,1424,965,6.25,0.015196163,7.3,3463694.0,2086.2075,1763.0,1307.0,148.5946,68.9,1157926.0,4.7,216013.41,325905.32,183.068
2006-08-01,566.0,1364,1035,6.25,0.223944192,6.7,3463694.0,2117.7708695652177,1722.0,1282.0,148.5946,68.9,1145907.0,4.7,216455.52,325931.69,182.594
2006-09-01,559.0,1384,1016,6.25,-0.035592818,6.7,3463694.0,2221.939,1655.0,1218.0,148.5946,68.9,1135753.0,4.5,215696.23,326389.11,182.798
2006-10-01,554.0,1212,941,6.25,0.249897799,7.3,3557633.0,2330.1745454545453,1570.0,1175.0,149.8723,68.8,1122914.0,4.4,215282.95,327539.46,183.198
2006-11-01,543.0,1290,1003,6.25,0.240066824,6.6,3557633.0,2408.7,1535.0,1163.0,149.8723,68.8,1121749.0,4.5,215004.22,327602.41,183.609
2006-12-01,536.0,1249,998,6.25,0.21390234,6.5,3557633.0,2431.9080000000004,1638.0,1198.0,149.8723,68.8,1135406.0,4.4,214062.32,325682.35,184.139
2007-01-01,538.0,1130,891,6.25,0.269753555,7.2,3482006.0,2453.187,1626.0,1174.0,146.9114,68.5,1137917.0,4.6,213918.15,324472.54,184.517
2007-02-01,544.0,1189,828,6.25,-0.105129812,7.9,3482006.0,2479.864210526316,1598.0,1136.0,146.9114,68.5,1139032.0,4.5,214590.94,323760.79,184.598
2007-03-01,545.0,1202,833,6.25,0.044449383,7.9,3482006.0,2401.490909090909,1596.0,1147.0,146.9114,68.5,1146624.0,4.4,216263.3,323339.71,184.15
2007-04-01,548.0,1197,887,6.25,-0.402480219,7.4,3613882.0,2499.568,1470.0,1058.0,139.8448,68.3,1150590.0,4.5,217387.82,322923.24,183.01
2007-05-01,545.0,1130,842,6.25,0.15416407,7.8,3613882.0,2562.140909090909,1493.0,1042.0,139.8448,68.3,1161581.0,4.4,217647.32,321345.07,181.6
2007-06-01,542.0,1131,793,6.25,0.243007795,8.2,3613882.0,2595.3961904761904,1407.0,995.0,139.8448,68.3,1163511.0,4.6,217599.27,320652.71,180.254
2007-07-01,537.0,1042,778,6.25,0.008494456,8.3,3637993.0,2655.0761904761903,1361.0,978.0,135.5499,68.0,1155448.0,4.7,216397.86,318963.46,179.111
2007-08-01,533.0,957,699,5.75,-0.199276072,9.2,3637993.0,2539.498695652174,1321.0,916.0,135.5499,68.0,1159077.0,4.6,215244.5,317846.34,178.116
2007-09-01,527.0,935,686,5.25,0.435354732,9.2,3637993.0,2634.47,1261.0,855.0,135.5499,68.0,1158580.0,4.7,213552.92,314481.74,177.558
2007-10-01,514.0,878,727,5.0,-0.150572959,8.5,3740350.0,2780.415652173913,1192.0,821.0,130.27,67.8,1152491.0,4.7,211198.16,310350.19,176.62400000000002
2007-11-01,503.0,833,641,5.0,0.425634698,9.4,3740350.0,2662.802380952381,1224.0,795.0,130.27,67.8,1132908.0,4.7,208833.78,305063.83,175.14700000000002
2007-12-01,497.0,805,619,4.75,0.053953912,9.6,3740350.0,2661.5485,1149.0,742.0,130.27,67.8,1115141.0,5.0,206642.41,302065.32,174.342
2008-01-01,487.0,773,627,3.5,0.094206006,9.3,3657487.0,2418.09380952381,1094.0,708.0,123.7454,67.9,1111347.0,5.0,204018.53,296754.75,173.132
2008-02-01,477.0,724,593,3.5,-0.266124897,9.7,3657487.0,2325.8255,1014.0,664.0,123.7454,67.9,1096648.0,4.9,203307.3,294863.92,171.541
2008-03-01,470.0,728,535,2.5,0.165958361,10.5,3657487.0,2254.818,967.0,642.0,123.7454,67.9,1103446.0,5.1,202240.45,290795.94,170.053
2008-04-01,458.0,682,536,2.25,-0.090313694,10.3,3715835.0,2368.099545454545,1008.0,661.0,115.5766,68.1,1101252.0,5.0,201212.04,287573.15,168.338
2008-05-01,451.0,679,504,2.25,0.347274158,10.7,3715835.0,2483.2409523809524,995.0,633.0,115.5766,68.1,1101547.0,5.4,200366.25,283973.04,166.65900000000002
2008-06-01,435.0,647,487,2.25,0.006480755,10.7,3715835.0,2427.4542857142856,1180.0,605.0,115.5766,68.1,1090098.0,5.6,199904.91,280492.68,165.017
2008-07-01,419.0,615,477,2.25,0.101093233,10.5,3698182.0,2278.137272727273,921.0,571.0,109.166,67.7,1086952.0,5.8,197953.82,276304.17,163.566
2008-08-01,409.0,607,435,2.25,0.111349203,11.3,3698182.0,2389.267142857143,858.0,543.0,109.166,67.7,1070075.0,6.1,195627.89,274151.92,161.987
2008-09-01,395.0,537,433,2.25,-0.045912792,10.9,3698182.0,2205.2033333333334,797.0,529.0,109.166,67.7,1059579.0,6.1,193042.46,270903.38,160.308
2008-10-01,381.0,542,393,1.25,0.197968558,11.6,3698360.0,1730.3195652173913,736.0,469.0,106.558,67.5,1055959.0,6.5,190947.2,270697.43,158.327
2008-11-01,371.0,459,389,1.25,-0.153025646,11.4,3698360.0,1542.6957894736845,626.0,420.0,106.558,67.5,1035033.0,6.8,186795.13,269982.17,156.142
2008-12-01,353.0,403,377,0.5,0.010346678,11.2,3698360.0,1525.8904545454543,554.0,364.0,106.558,67.5,999139.0,7.3,185065.1,270277.02,153.619
2009-01-01,341.0,358,336,0.5,-0.287737222,12.2,3522117.0,1537.2005,545.0,337.0,103.9789,67.4,975099.0,7.8,185670.61,269986.24,151.507
2009-02-01,326.0,358,372,0.5,0.212696972,10.5,3522117.0,1485.9768421052631,558.0,377.0,103.9789,67.4,971708.0,8.3,186353.01,269637.64,150.015
2009-03-01,311.0,353,339,0.5,-0.262071465,11.0,3522117.0,1432.233181818182,513.0,361.0,103.9789,67.4,963793.0,8.7,184795.98,266736.11,148.66
2009-04-01,300.0,387,337,0.5,0.243945164,10.7,3598010.0,1641.147619047619,521.0,391.0,102.8887,67.4,932482.0,9.0,184949.76,266293.31,147.94899999999998
2009-05-01,291.0,408,376,0.5,0.154036334,9.3,3598010.0,1726.0775,556.0,431.0,102.8887,67.4,920020.0,9.4,186314.57,267485.68,147.694
2009-06-01,280.0,482,393,0.5,-0.020032699,8.5,3598010.0,1826.9881818181816,601.0,458.0,102.8887,67.4,912530.0,9.5,187121.91,266356.77,148.09
2009-07-01,270.0,509,411,0.5,-0.13831795,7.9,3623204.0,1873.8377272727275,595.0,489.0,102.4965,67.4,911438.0,9.5,186429.9,265793.18,148.41
2009-08-01,261.0,487,418,0.5,-0.126211958,7.5,3623204.0,1997.1552380952385,616.0,491.0,102.4965,67.4,900112.0,9.6,185805.17,264309.69,148.278
2009-09-01,252.0,510,386,0.5,-0.311068195,7.8,3623204.0,2084.747142857143,609.0,477.0,102.4965,67.4,887241.0,9.8,184728.71,262614.16,148.025
2009-10-01,243.0,476,396,0.5,-0.02795348,7.4,3734738.0,2122.849545454545,583.0,472.0,102.8783,67.2,871391.0,10.0,184603.76,262184.02,147.85
2009-11-01,237.0,497,375,0.5,0.061124694,7.6,3734738.0,2143.5325000000003,623.0,483.0,102.8783,67.2,858493.0,9.9,184430.76,261753.06,148.134
2009-12-01,234.0,484,352,0.5,-0.498446822,8.0,3734738.0,2220.6,664.0,508.0,102.8783,67.2,842609.0,9.9,181355.15,257842.11,147.929
2010-01-01,233.0,510,345,0.5,0.24361411,8.1,3602418.0,2267.774736842105,636.0,504.0,101.5417,67.2,822114.0,9.8,180394.02,255602.11,147.39600000000002
2010-02-01,231.0,526,336,0.75,0.136822079,8.3,3602418.0,2194.44,650.0,510.0,101.5417,67.2,814885.0,9.8,179961.51,254925.75,145.631
2010-03-01,227.0,542,381,0.75,0.169167306,7.1,3602418.0,2362.243913043478,687.0,536.0,101.5417,67.2,821849.0,9.9,180480.52,254615.44,145.859
2010-04-01,217.0,566,422,0.75,0.433895839,6.2,3755370.0,2475.7200000000003,637.0,476.0,101.3717,66.9,829664.0,9.9,182200.94,256596.86,146.403
2010-05-01,216.0,457,280,0.75,-0.343418142,9.3,3755370.0,2319.239,575.0,435.0,101.3717,66.9,823447.0,9.6,183786.8,258629.77,146.394
2010-06-01,212.0,445,305,0.75,-0.308259405,8.3,3755370.0,2235.2295454545456,587.0,425.0,101.3717,66.9,821943.0,9.4,182864.12,257582.82,145.721
2010-07-01,209.0,426,283,0.75,0.048823039,8.9,3793867.0,2210.2738095238096,579.0,411.0,99.1148,66.7,799694.0,9.4,181710.77,255904.2,144.991
2010-08-01,206.0,417,282,0.75,0.257009194,8.8,3793867.0,2205.281363636364,580.0,402.0,99.1148,66.7,802030.0,9.5,180961.09,254497.05,143.916
2010-09-01,201.0,449,317,0.75,-0.072037693,7.6,3793867.0,2298.3461904761903,563.0,404.0,99.1148,66.7,807728.0,9.5,178404.49,250755.67,143.019
2010-10-01,199.0,438,291,0.75,-0.220815067,8.2,3897315.0,2441.2957142857144,558.0,408.0,97.9877,66.5,801372.0,9.4,178116.15,250039.04,142.531
2010-11-01,195.0,452,287,0.75,0.318937742,8.2,3897315.0,2530.989523809524,560.0,418.0,97.9877,66.5,804151.0,9.8,176914.74,248248.08,142.173
2010-12-01,190.0,429,326,0.75,-0.308191403,7.0,3897315.0,2631.560454545455,632.0,447.0,97.9877,66.5,789395.0,9.3,174137.08,243931.27,142.06
2011-01-01,187.0,430,307,0.75,-0.251871136,7.3,3764835.0,2717.2085,576.0,420.0,95.107,66.5,759964.0,9.1,172089.88,239920.75,141.52100000000002
2011-02-01,183.0,391,270,0.75,-0.031971187,8.1,3764835.0,2783.5357894736844,542.0,379.0,95.107,66.5,758376.0,9.0,170773.13,236916.67,140.35
2011-03-01,179.0,429,300,0.75,0.105734463,7.2,3764835.0,2722.2891304347827,583.0,399.0,95.107,66.5,769157.0,9.0,169744.73,233215.85,139.981
2011-04-01,173.0,415,310,0.75,0.108882746,6.7,3893028.0,2797.072,581.0,403.0,93.9942,66.0,769437.0,9.1,171618.93,234282.21,140.01
2011-05-01,168.0,414,305,0.75,-0.041682135,6.6,3893028.0,2815.075714285714,618.0,411.0,93.9942,66.0,775251.0,9.0,172897.23,234922.13,139.905
2011-06-01,166.0,435,301,0.75,-0.086656806,6.6,3893028.0,2687.7627272727277,636.0,413.0,93.9942,66.0,794839.0,9.1,174377.36,237187.26,139.862
2011-07-01,166.0,432,296,0.75,-0.037822962,6.7,3927583.0,2810.5755,621.0,416.0,93.986,66.1,792381.0,9.0,174723.37,237447.51,139.73
2011-08-01,162.0,422,299,0.75,0.307917123,6.5,3927583.0,2504.623043478261,647.0,428.0,93.986,66.1,811953.0,9.0,173589.24,235257.5,139.309
2011-09-01,160.0,418,304,0.75,0.24128512,6.3,3927583.0,2524.1361904761907,610.0,425.0,93.986,66.1,813660.0,9.0,173752.63,235121.91,138.668
2011-10-01,158.0,439,316,0.75,-0.110295787,6.0,4014288.0,2594.781904761905,671.0,439.0,94.0373,65.9,808378.0,8.8,172118.71,233392.3,137.952
2011-11-01,155.0,465,328,0.75,0.108469028,5.7,4014288.0,2606.289047619048,706.0,449.0,94.0373,65.9,812050.0,8.6,172243.66,233758.93,137.15200000000002
2011-12-01,151.0,522,341,0.75,-0.086291913,5.3,4014288.0,2601.67,697.0,458.0,94.0373,65.9,821367.0,8.5,171388.26,233173.15,136.674
2012-01-01,149.0,518,335,0.75,0.250657489,5.3,3960259.0,2743.795,712.0,462.0,94.122,65.6,830610.0,8.3,169552.5,229665.04,136.607
2012-02-01,147.0,466,366,0.75,0.18784695,4.8,3960259.0,2928.9805,738.0,493.0,94.122,65.6,824368.0,8.3,170071.51,229358.2,136.533
2012-03-01,145.0,472,354,0.75,0.050429622,4.9,3960259.0,3035.915909090909,806.0,482.0,94.122,65.6,829288.0,8.2,172685.78,231128.48,137.904
2012-04-01,144.0,504,354,0.75,-0.131826377,4.9,4047165.0,3035.1015,732.0,485.0,95.7624,65.6,841740.0,8.2,175059.76,233600.18,139.154
2012-05-01,144.0,518,370,0.75,0.207706493,4.7,4047165.0,2900.409090909091,796.0,494.0,95.7624,65.6,850928.0,8.2,177866.26,237624.03,140.155
2012-06-01,145.0,524,360,0.75,0.140121137,4.8,4047165.0,2850.3547619047617,794.0,501.0,95.7624,65.6,858009.0,8.2,179721.23,240454.82,141.03
2012-07-01,142.0,517,369,0.75,-0.08705016,4.6,4086346.0,2920.114285714286,849.0,522.0,97.4529,65.4,858934.0,8.2,180096.07,241349.68,141.66899999999998
2012-08-01,143.0,536,375,0.75,-0.119394894,4.6,4086346.0,3032.6665217391305,840.0,517.0,97.4529,65.4,862726.0,8.1,180509.36,240564.75,142.279
2012-09-01,144.0,594,385,0.75,0.256521262,4.5,4086346.0,3136.8026315789475,930.0,562.0,97.4529,65.4,866588.0,7.8,180278.69,239190.02,142.908
2012-10-01,147.0,611,358,0.75,0.253931426,4.9,4160201.0,3060.2619047619046,887.0,568.0,99.5462,65.3,875366.0,7.8,180269.07,239270.32,143.6
2012-11-01,150.0,569,392,0.75,-0.138858531,4.6,4160201.0,2941.015238095238,917.0,568.0,99.5462,65.3,872052.0,7.7,180509.36,240729.85,144.585
2012-12-01,150.0,615,399,0.75,0.18668967,4.5,4160201.0,3003.792,941.0,582.0,99.5462,65.3,871809.0,7.9,179932.68,240608.76,145.503
2013-01-01,149.0,604,446,0.75,0.086745316,4.0,4074333.0,3125.913333333334,940.0,590.0,101.4708,65.2,862722.0,8.0,180086.46,240104.33,146.827
2013-02-01,152.0,651,447,0.75,-0.289542446,4.1,4074333.0,3169.213157894737,980.0,612.0,101.4708,65.2,873583.0,7.7,181335.93,239806.2,147.784
2013-03-01,155.0,624,444,0.75,-0.197666632,4.2,4074333.0,3236.167,936.0,610.0,101.4708,65.2,864510.0,7.5,184651.82,243554.49,149.963
2013-04-01,161.0,587,441,0.75,0.250959646,4.4,4184244.0,3251.3518181818185,1012.0,620.0,103.5275,65.1,879728.0,7.6,187083.47,247018.63,151.519
2013-05-01,163.0,608,428,0.75,0.09138062,4.6,4184244.0,3440.3754545454544,1003.0,623.0,103.5275,65.1,888752.0,7.5,190495.47,251076.7,152.85
2013-06-01,161.0,614,470,0.75,0.136945787,4.1,4184244.0,3416.7415,942.0,628.0,103.5275,65.1,899295.0,7.5,192907.9,253647.65,154.2
2013-07-01,171.0,593,375,0.75,-0.096308805,5.5,4259404.0,3559.710909090909,997.0,619.0,105.7225,65.2,917756.0,7.3,193917.08,254874.16,155.60399999999998
2013-08-01,175.0,631,381,0.75,0.003856066,5.5,4259404.0,3639.928636363636,964.0,635.0,105.7225,65.2,929061.0,7.2,193446.13,253949.69,156.965
2013-09-01,183.0,577,403,0.75,0.052697535,5.4,4259404.0,3731.262,1004.0,625.0,105.7225,65.2,938121.0,7.2,193407.69,253604.28,158.227
2013-10-01,183.0,595,444,0.75,-0.651306789,4.9,4362704.0,3848.202173913043,1044.0,623.0,108.08,65.1,951214.0,7.2,192907.9,253602.04,159.24200000000002
2013-11-01,184.0,699,446,0.75,0.382742948,5.0,4362704.0,3957.5325,1029.0,642.0,108.08,65.1,964122.0,6.9,192302.39,253323.41,160.07399999999998
2013-12-01,186.0,647,433,0.75,-0.053456993,5.2,4362704.0,4075.884761904762,1005.0,602.0,108.08,65.1,979211.0,6.7,192023.66,252977.94,160.994
2014-01-01,189.0,567,443,0.75,0.109548788,5.1,4220258.0,4154.360952380953,976.0,615.0,108.6619,64.9,986587.0,6.6,191619.99,251510.45,161.92700000000002
2014-02-01,187.0,594,420,0.75,0.084324631,5.3,4220258.0,4199.451052631579,1039.0,609.0,108.6619,64.9,987538.0,6.7,192619.56,251890.97,162.525
2014-03-01,190.0,652,405,0.75,0.350520636,5.6,4220258.0,4276.359047619048,1067.0,623.0,108.6619,64.9,991157.0,6.7,194964.71,253326.32,163.086
2014-04-01,190.0,646,403,0.75,-0.422360089,5.7,4376828.0,4119.30619047619,1090.0,620.0,108.0911,64.8,1006901.0,6.2,197088.81,255244.77,163.393
2014-05-01,194.0,652,451,0.75,0.202743147,5.2,4376828.0,4135.374285714286,1018.0,627.0,108.0911,64.8,1007147.0,6.3,199395.51,257333.36,163.66
2014-06-01,199.0,603,418,0.75,0.014773516,5.7,4376828.0,4332.738571428571,1010.0,649.0,108.0911,64.8,1006424.0,6.1,201644.55,259752.2,164.06400000000002
2014-07-01,207.0,656,402,0.75,0.192669565,6.2,4465484.0,4434.125909090909,1076.0,648.0,109.4017,64.3,1014935.0,6.2,202355.78,260770.14,164.579
2014-08-01,207.0,644,456,0.75,0.078842616,5.4,4465484.0,4464.831428571429,1047.0,650.0,109.4017,64.3,1015096.0,6.1,201971.33,260710.23,165.215
2014-09-01,210.0,664,470,0.75,-0.057644271,5.4,4465484.0,4551.586190476191,1077.0,662.0,109.4017,64.3,1021890.0,5.9,201096.71,259386.04,165.905
2014-10-01,209.0,699,476,0.75,0.241604717,5.3,4545567.0,4403.230434782608,1094.0,647.0,111.9826,63.9,1046402.0,5.7,201087.1,260026.9,166.641
2014-11-01,211.0,658,442,0.75,0.049227386,5.7,4545567.0,4687.702105263158,1059.0,658.0,111.9826,63.9,1044893.0,5.8,201336.99,261763.41,167.335
2014-12-01,210.0,720,497,0.75,-0.103518346,5.1,4545567.0,4732.701363636364,1072.0,670.0,111.9826,63.9,1056429.0,5.6,201308.15,263218.39,168.051
2015-01-01,207.0,703,515,0.75,0.446485684,4.8,4411435.0,4673.7015,1049.0,662.0,114.0104,63.8,1061241.0,5.7,200395.08,263263.4,168.634
2015-02-01,203.0,584,540,0.75,-0.245812902,4.5,4411435.0,4854.255789473685,1127.0,628.0,114.0104,63.8,1072895.0,5.5,202250.06,264551.37,169.12900000000002
2015-03-01,204.0,627,480,0.75,-0.00063839,5.1,4411435.0,4938.010909090909,1072.0,658.0,114.0104,63.8,1086748.0,5.4,204902.77,266435.47,169.799
2015-04-01,206.0,742,502,0.75,0.266210428,4.9,4580499.0,4985.951428571429,1166.0,679.0,113.9663,63.5,1115619.0,5.4,207065.31,268701.19,170.298
2015-05-01,211.0,708,502,0.75,0.376289316,5.0,4580499.0,5029.431500000001,1272.0,701.0,113.9663,63.5,1135433.0,5.6,210092.86,271247.33,170.88
2015-06-01,216.0,700,480,0.75,-0.373610063,5.4,4580499.0,5073.041818181818,1379.0,706.0,113.9663,63.5,1158193.0,5.3,212092.01,272872.56,171.47099999999998
2015-07-01,218.0,759,506,0.75,-0.041384931,5.2,4625898.0,5082.81,1140.0,700.0,115.2859,63.6,1154561.0,5.2,212880.13,273868.17,172.13299999999998
2015-08-01,217.0,734,518,0.75,0.111467098,5.0,4625898.0,4934.622857142857,1165.0,718.0,115.2859,63.6,1164377.0,5.1,212188.12,273365.07,172.93599999999998
2015-09-01,224.0,746,456,0.75,-0.279311837,5.9,4625898.0,4748.004761904762,1144.0,711.0,115.2859,63.6,1163937.0,5.0,212043.95,273605.27,173.828
2015-10-01,226.0,705,482,0.75,0.276904034,5.6,4677188.0,4879.0368181818185,1160.0,721.0,117.5019,63.7,1151533.0,5.0,212111.23,273815.21,174.792
2015-11-01,229.0,774,504,0.75,0.188334701,5.5,4677188.0,5082.5075,1244.0,730.0,117.5019,63.7,1145510.0,5.1,212351.51,274705.21,175.738
2015-12-01,232.0,765,546,1.0,0.36325994,5.1,4677188.0,5040.54,1211.0,719.0,117.5019,63.7,1156354.0,5.0,212082.39,275297.78,176.544
2016-01-01,236.0,752,505,1.0,0.155028949,5.6,4521822.0,4610.7142105263165,1171.0,720.0,118.8551,63.5,1160988.0,4.8,211938.23,274656.62,177.274
2016-02-01,239.0,859,517,1.0,0.227445034,5.5,4521822.0,4463.206,1172.0,723.0,118.8551,63.5,1172851.0,4.9,212620.63,275314.35,177.649
2016-03-01,242.0,753,532,1.0,0.339762985,5.5,4521822.0,4754.479545454546,1118.0,737.0,118.8551,63.5,1188776.0,5.0,216292.13,278867.63,178.16400000000002
2016-04-01,242.0,777,576,1.0,-0.023872496,5.0,4690281.0,4892.168095238095,1160.0,753.0,118.8013,63.1,1185902.0,5.1,218771.84,280733.77,178.766
2016-05-01,241.0,753,571,1.0,-0.224329368,5.1,4690281.0,4788.235238095238,1205.0,748.0,118.8013,63.1,1190685.0,4.8,221501.44,283091.14,179.429
2016-06-01,244.0,769,557,1.0,0.115250907,5.3,4690281.0,4856.232272727273,1208.0,752.0,118.8013,63.1,1217604.0,4.9,223712.04,284980.43,180.084
2016-07-01,238.0,769,628,1.0,0.142796933,4.5,4746661.0,5023.989,1198.0,720.0,120.063,63.4,1214532.0,4.8,224634.72,286619.59,180.834
2016-08-01,240.0,734,575,1.0,0.231164491,5.0,4746661.0,5217.038260869565,1201.0,751.0,120.063,63.4,1221250.0,4.9,224567.44,286270.83,181.85
2016-09-01,243.0,777,558,1.0,0.095260776,5.2,4746661.0,5254.154285714286,1303.0,752.0,120.063,63.4,1232438.0,5.0,224625.11,285657.62,182.823
2016-10-01,249.0,859,575,1.0,-0.068246991,5.2,4840483.0,5255.989047619048,1254.0,769.0,121.6771,63.5,1241100.0,4.9,224644.33,285326.34,183.75
2016-11-01,248.0,817,571,1.0,-0.062028132,5.2,4840483.0,5260.565238095238,1230.0,770.0,121.6771,63.5,1264881.0,4.7,224836.56,286015.38,184.759
2016-12-01,254.0,801,561,1.25,0.107832934,5.4,4840483.0,5413.116666666667,1248.0,809.0,121.6771,63.5,1270443.0,4.7,224999.95,286129.57,185.725
2017-01-01,257.0,785,573,1.25,-0.0363231,5.4,4674704.0,5561.4235,1296.0,790.0,122.3348,63.6,1254583.0,4.7,224221.43,283487.45,186.805
2017-02-01,261.0,864,587,1.25,0.14973061,5.3,4674704.0,5764.702105263158,1237.0,813.0,122.3348,63.6,1275911.0,4.6,226153.3,285033.2,187.313
2017-03-01,265.0,836,632,1.5,0.173903252,5.0,4674704.0,5864.963913043479,1273.0,824.0,122.3348,63.6,1272724.0,4.4,229574.91,289110.65,187.992
2017-04-01,268.0,825,598,1.5,0.129888783,5.4,4889678.0,5912.169473684211,1239.0,793.0,123.4097,63.9,1269079.0,4.4,232708.19,292189.99,188.724
2017-05-01,271.0,832,635,1.5,-0.172752502,5.1,4889678.0,6124.878181818182,1205.0,795.0,123.4097,63.9,1282926.0,4.4,235533.91,295485.42,189.616
2017-06-01,274.0,867,619,1.75,0.077467076,5.3,4889678.0,6224.28590909091,1353.0,820.0,123.4097,63.9,1277352.0,4.3,237206.27,297313.76,190.513
2017-07-01,277.0,841,572,1.75,0.168547743,5.8,4958224.0,6294.674,1254.0,818.0,124.7998,63.9,1275888.0,4.3,238244.28,298820.96,191.45
2017-08-01,281.0,867,556,1.75,0.077276863,6.1,4958224.0,6311.397391304348,1336.0,817.0,124.7998,63.9,1274974.0,4.4,238820.96,298649.98,192.663
2017-09-01,282.0,839,637,1.75,0.344986487,5.3,4958224.0,6428.079,1277.0,830.0,124.7998,63.9,1281172.0,4.3,238676.79,296897.65,193.759
2017-10-01,286.0,878,626,1.75,-0.515700633,5.5,5089495.0,6603.011363636364,1360.0,854.0,126.3156,64.0,1283266.0,4.2,238465.34,296822.22,194.805
2017-11-01,287.0,924,711,1.75,0.16842473,4.8,5089495.0,6796.045238095238,1295.0,860.0,126.3156,64.0,1308896.0,4.2,239272.69,297819.9,195.958
2017-12-01,293.0,824,630,2.0,-0.027400843,5.6,5089495.0,6889.7405,1312.0,861.0,126.3156,64.0,1313666.0,4.1,238840.18,297456.41,197.178
2018-01-01,293.0,872,590,2.0,0.236085589,6.0,4962408.0,7279.498095238095,1311.0,854.0,127.1635,64.2,1336469.0,4.0,239839.76,297082.88,198.314
2018-02-01,296.0,894,618,2.0,0.536932772,5.7,4962408.0,7161.772631578947,1331.0,867.0,127.1635,64.2,1355105.0,4.1,242454.02,298965.38,199.227
2018-03-01,297.0,875,679,2.25,-0.056868054,5.2,4962408.0,7311.505714285714,1381.0,848.0,127.1635,64.2,1344968.0,4.0,245375.85,301885.63,199.961
2018-04-01,300.0,908,642,2.25,0.052571033,5.6,5161541.0,7084.141095238095,1365.0,863.0,127.3142,64.5,1355101.0,4.0,247471.11,303257.94,200.655
2018-05-01,301.0,970,662,2.25,0.047598148,5.5,5161541.0,7339.327363636363,1331.0,860.0,127.3142,64.5,1362364.0,3.8,250296.82,305450.31,201.423
2018-06-01,310.0,866,636,2.5,0.22366665,5.8,5161541.0,7645.139142857142,1338.0,863.0,127.3142,64.5,1343214.0,4.0,251988.41,307025.28,202.237
2018-07-01,313.0,869,628,2.5,0.080759509,6.0,5221627.0,7756.8631428571425,1333.0,885.0,128.1373,64.4,1336631.0,3.8,252776.53,307964.76,202.907
2018-08-01,319.0,900,593,2.5,-0.419487375,6.5,5221627.0,7892.232391304348,1293.0,838.0,128.1373,64.4,1340449.0,3.8,253064.87,308144.86,203.688
2018-09-01,325.0,875,595,2.75,0.264134603,6.6,5221627.0,7983.307368421052,1320.0,857.0,128.1373,64.4,1326111.0,3.7,252411.3,306992.31,204.353
2018-10-01,331.0,872,554,2.75,0.317730601,7.2,5310940.0,7527.083391304348,1280.0,850.0,129.3282,64.6,1310946.0,3.8,252084.52,306054.14,205.12
2018-11-01,334.0,781,625,2.75,0.143909669,6.4,5310940.0,7236.083190476191,1334.0,847.0,129.3282,64.6,1300694.0,3.8,252699.64,307831.99,205.679
2018-12-01,346.0,775,546,3.0,0.227222482,7.6,5310940.0,6814.292315789474,1320.0,812.0,129.3282,64.6,1289930.0,3.9,251882.68,307819.96,206.169
2019-01-01,346.0,925,591,3.0,-0.145827972,7.0,5140051.0,6979.654952380952,1254.0,798.0,129.8613,64.2,1296049.0,4.0,252651.59,308172.07,206.539
2019-02-01,339.0,779,638,3.0,0.033748957,6.4,5140051.0,7430.077263157895,1302.0,799.0,129.8613,64.2,1312040.0,3.8,254295.11,308871.14,206.848
2019-03-01,337.0,831,705,3.0,-0.052753292,5.7,5140051.0,7629.366047619048,1291.0,809.0,129.8613,64.2,1322532.0,3.8,257216.94,310667.45,207.047
2019-04-01,334.0,870,695,3.0,-0.210510811,5.8,5376189.0,7995.064363636364,1298.0,797.0,129.5894,64.3,1353657.0,3.6,260042.66,312426.07,207.506
2019-05-01,337.0,858,602,3.0,0.099634673,6.7,5376189.0,7804.820818181818,1338.0,831.0,129.5894,64.3,1364421.0,3.7,262887.59,315173.16,208.138
2019-06-01,331.0,864,763,3.0,0.194770085,5.2,5376189.0,7825.45865,1301.0,845.0,129.5894,64.3,1383309.0,3.6,264204.34,316688.73,208.659
2019-07-01,329.0,899,669,3.0,0.282082258,5.9,5441019.0,8205.598727272727,1347.0,863.0,130.7582,64.7,1410749.0,3.7,265002.07,317115.05,209.262
2019-08-01,326.0,903,720,2.75,0.140644396,5.4,5441019.0,7910.932227272727,1528.0,904.0,130.7582,64.7,1426091.0,3.7,265069.35,317211.63,210.102
2019-09-01,323.0,920,715,2.5,0.191740503,5.4,5441019.0,8087.6999,1491.0,905.0,130.7582,64.7,1438119.0,3.5,265569.14,317560.95,210.913
2019-10-01,319.0,898,721,2.25,0.21636183,5.3,5564137.0,8079.278217391305,1538.0,937.0,132.4256,65.0,1442150.0,3.6,265674.86,316962.73,211.808
2019-11-01,320.0,911,710,2.25,0.07358665,5.4,5564137.0,8517.57705,1522.0,951.0,132.4256,65.0,1463036.0,3.6,266116.98,317660.54,212.805
2019-12-01,323.0,1009,693,2.25,0.091763748,5.6,5564137.0,8778.591476190477,1461.0,937.0,132.4256,65.0,1466415.0,3.6,266684.05,318627.32,213.955
2020-01-01,325.0,968,685,2.25,-0.216145327,5.7,5292718.0,9233.359904761905,1500.0,967.0,133.7104,65.3,1494117.0,3.5,267750.9,318665.62,214.99400000000003
2020-02-01,328.0,1039,699,2.25,0.066931146,5.6,5292718.0,9418.850105263158,1440.0,986.0,133.7104,65.3,1501790.0,3.5,270836.12,321456.52,215.837
2020-03-01,332.0,879,609,0.25,-1.108489706,6.5,5292718.0,7772.205136363636,1348.0,873.0,133.7104,65.3,1506335.0,4.4,273565.72,325404.52,216.365
2020-04-01,325.0,676,569,0.25,-3.890306515,6.9,5009931.0,8292.407761904762,1050.0,666.0,135.4988,68.0,1460471.0,14.7,275737.87,330196.28,216.801
2020-05-01,313.0,750,696,0.25,1.125342273,5.4,5009931.0,9105.65565,1253.0,747.0,135.4988,68.0,1452086.0,13.2,276554.83,331168.14,216.987
2020-06-01,300.0,904,936,0.25,1.159634838,3.8,5009931.0,9839.970954545455,1329.0,861.0,135.4988,68.0,1459188.0,11.0,279918.77,333372.15,217.63
2020-07-01,289.0,1012,1019,0.25,0.126328956,3.4,5411028.0,10499.862909090907,1526.0,1006.0,138.3902,67.3,1470971.0,10.2,283359.61,335771.64,219.322
2020-08-01,284.0,1029,1029,0.25,0.387253126,3.3,5411028.0,11212.29038095238,1564.0,1066.0,138.3902,67.3,1489640.0,8.4,287088.78,339121.26,222.424
2020-09-01,283.0,1116,988,0.25,-0.309851794,3.4,5411028.0,11088.679523809524,1643.0,1143.0,138.3902,67.3,1510182.0,7.9,290654.57,342855.81,225.853
2020-10-01,281.0,1180,1027,0.25,0.449370881,3.3,5609276.0,11435.233863636364,1622.0,1155.0,143.237,65.7,1534900.0,6.9,293797.45,346419.4,229.781
2020-11-01,287.0,1173,863,0.25,-0.159682871,4.0,5609276.0,11794.46130665,1713.0,1166.0,143.237,65.7,1550976.0,6.7,295892.71,349103.12,233.235
2020-12-01,299.0,1311,873,0.25,0.043562952,4.1,5609276.0,12619.050909090907,1760.0,1237.0,143.237,65.7,1572760.0,6.7,297978.36,351233.15,236.521
